id,alias,name,image_url,is_claimed,is_closed,url,phone,display_phone,review_count,categories,rating,location,coordinates,photos,price,hours,transactions,special_hours,messaging
fVbUVAiLiGgLA_nxBFxyww,thursday-kitchen-new-york,Thursday Kitchen,https://s3-media4.fl.yelpcdn.com/bphoto/nXO8M-d-XTamNmc0BpXWtA/o.jpg,True,False,https://www.yelp.com/biz/thursday-kitchen-new-york?adjust_creative=VYGm0sk0aHdKKGyXs5PMrA&utm_campaign=yelp_api_v3&utm_medium=api_v3_business_lookup&utm_source=VYGm0sk0aHdKKGyXs5PMrA,,,1396,"[{'alias': 'korean', 'title': 'Korean'}, {'alias': 'newamerican', 'title': 'American (New)'}, {'alias': 'tapasmallplates', 'title': 'Tapas/Small Plates'}]",4.5,"{'address1': '424 E 9th St', 'address2': None, 'address3': '', 'city': 'New York', 'zip_code': '10009', 'country': 'US', 'state': 'NY', 'display_address': ['424 E 9th St', 'New York, NY 10009'], 'cross_streets': 'East 9th St & Avenue A'}","{'latitude': 40.7275, 'longitude': -73.9838}","['https://s3-media4.fl.yelpcdn.com/bphoto/nXO8M-d-XTamNmc0BpXWtA/o.jpg', 'https://s3-media2.fl.yelpcdn.com/bphoto/CJ4E1ohD2aAdW7-JNyqzpg/o.jpg', 'https://s3-media4.fl.yelpcdn.com/bphoto/mdDaZxgOoWKXBdXsEdXjsQ/o.jpg']",$$,"[{'open': [{'is_overnight': False, 'start': '1800', 'end': '2300', 'day': 0}, {'is_overnight': False, 'start': '1800', 'end': '2300', 'day': 1}, {'is_overnight': False, 'start': '1800', 'end': '2300', 'day': 2}, {'is_overnight': False, 'start': '1800', 'end': '2300', 'day': 3}, {'is_overnight': False, 'start': '1700', 'end': '0000', 'day': 4}, {'is_overnight': False, 'start': '1700', 'end': '0000', 'day': 5}, {'is_overnight': False, 'start': '1700', 'end': '2300', 'day': 6}], 'hours_type': 'REGULAR', 'is_open_now': False}]",[],"[{'date': '2021-11-25', 'is_closed': True, 'start': None, 'end': None, 'is_overnight': None}]",
J3NT61-AH5d5Gu5tFJhYSw,the-cabin-nyc-new-york-2,The Cabin NYC,https://s3-media2.fl.yelpcdn.com/bphoto/dc54M8OrhvbJLRkuSmdmHw/o.jpg,True,False,https://www.yelp.com/biz/the-cabin-nyc-new-york-2?adjust_creative=VYGm0sk0aHdKKGyXs5PMrA&utm_campaign=yelp_api_v3&utm_medium=api_v3_business_lookup&utm_source=VYGm0sk0aHdKKGyXs5PMrA,+12127770454,(212) 777-0454,290,"[{'alias': 'newamerican', 'title': 'American (New)'}, {'alias': 'cocktailbars', 'title': 'Cocktail Bars'}, {'alias': 'breakfast_brunch', 'title': 'Breakfast & Brunch'}]",4.0,"{'address1': '205 E 4th St', 'address2': None, 'address3': '', 'city': 'New York', 'zip_code': '10009', 'country': 'US', 'state': 'NY', 'display_address': ['205 E 4th St', 'New York, NY 10009'], 'cross_streets': 'Avenue B & Avenue A'}","{'latitude': 40.72393, 'longitude': -73.98383}","['https://s3-media2.fl.yelpcdn.com/bphoto/dc54M8OrhvbJLRkuSmdmHw/o.jpg', 'https://s3-media2.fl.yelpcdn.com/bphoto/lpIIpCb9gS1s4nElUwzw-A/o.jpg', 'https://s3-media1.fl.yelpcdn.com/bphoto/Sg0EcaKB1sukemmjf9WVQA/o.jpg']",$$,"[{'open': [{'is_overnight': False, 'start': '1600', 'end': '2200', 'day': 2}, {'is_overnight': False, 'start': '1600', 'end': '2200', 'day': 3}, {'is_overnight': False, 'start': '1600', 'end': '2200', 'day': 4}, {'is_overnight': False, 'start': '1100', 'end': '2200', 'day': 5}, {'is_overnight': False, 'start': '1100', 'end': '2200', 'day': 6}], 'hours_type': 'REGULAR', 'is_open_now': False}]","['delivery', 'restaurant_reservation', 'pickup']",,
4aF0F8w7yXX9o5_QFky_ig,celestine-brooklyn,Celestine,https://s3-media4.fl.yelpcdn.com/bphoto/J5HuHor_cmVEG6HhQtFeDw/o.jpg,True,False,https://www.yelp.com/biz/celestine-brooklyn?adjust_creative=VYGm0sk0aHdKKGyXs5PMrA&utm_campaign=yelp_api_v3&utm_medium=api_v3_business_lookup&utm_source=VYGm0sk0aHdKKGyXs5PMrA,+17185225356,(718) 522-5356,226,"[{'alias': 'mediterranean', 'title': 'Mediterranean'}, {'alias': 'bars', 'title': 'Bars'}]",4.0,"{'address1': '1 John St', 'address2': '', 'address3': None, 'city': 'Brooklyn', 'zip_code': '11201', 'country': 'US', 'state': 'NY', 'display_address': ['1 John St', 'Brooklyn, NY 11201'], 'cross_streets': 'Pearl St & Adams St'}","{'latitude': 40.704676, 'longitude': -73.987975}","['https://s3-media4.fl.yelpcdn.com/bphoto/J5HuHor_cmVEG6HhQtFeDw/o.jpg', 'https://s3-media4.fl.yelpcdn.com/bphoto/yeAezsqQ2cpc7IMinEa10g/o.jpg', 'https://s3-media3.fl.yelpcdn.com/bphoto/A6sYYeHTQGtFCPV22igK8w/o.jpg']",$$$,"[{'open': [{'is_overnight': False, 'start': '1700', 'end': '2300', 'day': 2}, {'is_overnight': False, 'start': '1700', 'end': '2300', 'day': 3}, {'is_overnight': False, 'start': '1700', 'end': '2300', 'day': 4}, {'is_overnight': False, 'start': '1700', 'end': '2300', 'day': 5}, {'is_overnight': False, 'start': '1700', 'end': '2300', 'day': 6}], 'hours_type': 'REGULAR', 'is_open_now': False}]",['delivery'],,
q11TljTQd33XCWlVoPyRqg,the-osprey-brooklyn,The Osprey,https://s3-media1.fl.yelpcdn.com/bphoto/38J6wCRITFIWiRtWhE_sJw/o.jpg,True,False,https://www.yelp.com/biz/the-osprey-brooklyn?adjust_creative=VYGm0sk0aHdKKGyXs5PMrA&utm_campaign=yelp_api_v3&utm_medium=api_v3_business_lookup&utm_source=VYGm0sk0aHdKKGyXs5PMrA,+13476962505,(347) 696-2505,232,"[{'alias': 'newamerican', 'title': 'American (New)'}]",4.0,"{'address1': '60 Furman St', 'address2': '', 'address3': None, 'city': 'Brooklyn', 'zip_code': '11201', 'country': 'US', 'state': 'NY', 'display_address': ['60 Furman St', 'Brooklyn, NY 11201'], 'cross_streets': 'Doughty St'}","{'latitude': 40.702241, 'longitude': -73.995539}","['https://s3-media1.fl.yelpcdn.com/bphoto/38J6wCRITFIWiRtWhE_sJw/o.jpg', 'https://s3-media1.fl.yelpcdn.com/bphoto/kwlyMi4cASfqcvEl0Mmb_w/o.jpg', 'https://s3-media4.fl.yelpcdn.com/bphoto/o7s0vlHM8wNKohm_a7HdfA/o.jpg']",$$,"[{'open': [{'is_overnight': False, 'start': '1700', 'end': '2200', 'day': 2}, {'is_overnight': False, 'start': '1700', 'end': '2200', 'day': 3}, {'is_overnight': False, 'start': '1700', 'end': '2300', 'day': 4}, {'is_overnight': False, 'start': '1100', 'end': '2300', 'day': 5}, {'is_overnight': False, 'start': '1100', 'end': '2200', 'day': 6}], 'hours_type': 'REGULAR', 'is_open_now': False}]",['delivery'],,
QhE50zhSMnQaudpHW1jp7g,the-tyger-new-york-2,The Tyger,https://s3-media2.fl.yelpcdn.com/bphoto/xdyC5Z_denJ-lBlR1dlqhw/o.jpg,True,False,https://www.yelp.com/biz/the-tyger-new-york-2?adjust_creative=VYGm0sk0aHdKKGyXs5PMrA&utm_campaign=yelp_api_v3&utm_medium=api_v3_business_lookup&utm_source=VYGm0sk0aHdKKGyXs5PMrA,+16464767566,(646) 476-7566,132,"[{'alias': 'asianfusion', 'title': 'Asian Fusion'}]",4.5,"{'address1': '1 Howard St', 'address2': None, 'address3': None, 'city': 'New York', 'zip_code': '10013', 'country': 'US', 'state': 'NY', 'display_address': ['1 Howard St', 'New York, NY 10013'], 'cross_streets': 'Lafayette St & Centre St'}","{'latitude': 40.71888, 'longitude': -73.99951}","['https://s3-media2.fl.yelpcdn.com/bphoto/xdyC5Z_denJ-lBlR1dlqhw/o.jpg', 'https://s3-media2.fl.yelpcdn.com/bphoto/xBwW93vLeGaJEsU7HtkyQg/o.jpg', 'https://s3-media1.fl.yelpcdn.com/bphoto/GsMISaOIsIwg5YaG55sSqg/o.jpg']",,"[{'open': [{'is_overnight': False, 'start': '1700', 'end': '0000', 'day': 0}, {'is_overnight': False, 'start': '1700', 'end': '0000', 'day': 1}, {'is_overnight': False, 'start': '1700', 'end': '0000', 'day': 2}, {'is_overnight': False, 'start': '1700', 'end': '0000', 'day': 3}, {'is_overnight': False, 'start': '1700', 'end': '0000', 'day': 4}, {'is_overnight': False, 'start': '1200', 'end': '0000', 'day': 5}, {'is_overnight': False, 'start': '1200', 'end': '0000', 'day': 6}], 'hours_type': 'REGULAR', 'is_open_now': False}]","['delivery', 'pickup']",,
ETgJqJHV7BW6pIr9Ox74sA,amélie-new-york,Amélie,https://s3-media4.fl.yelpcdn.com/bphoto/cSDgVuPMnJgMLTrTNSEXug/o.jpg,True,False,https://www.yelp.com/biz/am%C3%A9lie-new-york?adjust_creative=VYGm0sk0aHdKKGyXs5PMrA&utm_campaign=yelp_api_v3&utm_medium=api_v3_business_lookup&utm_source=VYGm0sk0aHdKKGyXs5PMrA,+12125332962,(212) 533-2962,2733,"[{'alias': 'french', 'title': 'French'}, {'alias': 'wine_bars', 'title': 'Wine Bars'}]",4.5,"{'address1': '22 W 8th St', 'address2': '', 'address3': '', 'city': 'New York', 'zip_code': '10011', 'country': 'US', 'state': 'NY', 'display_address': ['22 W 8th St', 'New York, NY 10011'], 'cross_streets': '5th Ave & Mac Dougal St'}","{'latitude': 40.7327, 'longitude': -73.99766}","['https://s3-media4.fl.yelpcdn.com/bphoto/cSDgVuPMnJgMLTrTNSEXug/o.jpg', 'https://s3-media4.fl.yelpcdn.com/bphoto/vmFY7h5byVrl5b1u97iWrg/o.jpg', 'https://s3-media3.fl.yelpcdn.com/bphoto/zGH871vKqT6-jVvbvabTgg/o.jpg']",$$,"[{'open': [{'is_overnight': False, 'start': '1700', 'end': '2200', 'day': 0}, {'is_overnight': False, 'start': '1700', 'end': '2200', 'day': 1}, {'is_overnight': False, 'start': '1700', 'end': '2200', 'day': 2}, {'is_overnight': False, 'start': '1200', 'end': '2200', 'day': 3}, {'is_overnight': False, 'start': '1200', 'end': '2230', 'day': 4}, {'is_overnight': False, 'start': '1200', 'end': '2230', 'day': 5}, {'is_overnight': False, 'start': '1200', 'end': '2200', 'day': 6}], 'hours_type': 'REGULAR', 'is_open_now': False}]","['delivery', 'pickup']",,
-Gc5sTFxoXM3Tiv_dkSJZg,cecconis-dumbo-brooklyn,Cecconi's Dumbo,https://s3-media1.fl.yelpcdn.com/bphoto/IBLvIwCEjW-CiJUc6fo5Ng/o.jpg,True,False,https://www.yelp.com/biz/cecconis-dumbo-brooklyn?adjust_creative=VYGm0sk0aHdKKGyXs5PMrA&utm_campaign=yelp_api_v3&utm_medium=api_v3_business_lookup&utm_source=VYGm0sk0aHdKKGyXs5PMrA,+17186503900,(718) 650-3900,791,"[{'alias': 'italian', 'title': 'Italian'}]",3.5,"{'address1': '55 Water St', 'address2': '', 'address3': None, 'city': 'Brooklyn', 'zip_code': '11201', 'country': 'US', 'state': 'NY', 'display_address': ['55 Water St', 'Brooklyn, NY 11201'], 'cross_streets': ''}","{'latitude': 40.7033063330116, 'longitude': -73.9916549604523}","['https://s3-media1.fl.yelpcdn.com/bphoto/IBLvIwCEjW-CiJUc6fo5Ng/o.jpg', 'https://s3-media4.fl.yelpcdn.com/bphoto/2njKF6lDVp4P1wXszvB_rg/o.jpg', 'https://s3-media4.fl.yelpcdn.com/bphoto/HkjbGNqRM-tIpOXeCmh2sg/o.jpg']",$$$,"[{'open': [{'is_overnight': False, 'start': '1700', 'end': '2300', 'day': 0}, {'is_overnight': False, 'start': '1700', 'end': '2300', 'day': 1}, {'is_overnight': False, 'start': '1700', 'end': '2300', 'day': 2}, {'is_overnight': False, 'start': '1700', 'end': '2300', 'day': 3}, {'is_overnight': False, 'start': '1700', 'end': '2300', 'day': 4}, {'is_overnight': False, 'start': '1200', 'end': '2300', 'day': 5}, {'is_overnight': False, 'start': '1200', 'end': '2300', 'day': 6}], 'hours_type': 'REGULAR', 'is_open_now': False}]",['delivery'],,
6Ct7OeTRn4caY9g0swFBsw,la-contenta-new-york,La Contenta,https://s3-media2.fl.yelpcdn.com/bphoto/FwZAyPgdKdPGQ8aAGKh3-w/o.jpg,True,False,https://www.yelp.com/biz/la-contenta-new-york?adjust_creative=VYGm0sk0aHdKKGyXs5PMrA&utm_campaign=yelp_api_v3&utm_medium=api_v3_business_lookup&utm_source=VYGm0sk0aHdKKGyXs5PMrA,+12124324180,(212) 432-4180,788,"[{'alias': 'mexican', 'title': 'Mexican'}, {'alias': 'bars', 'title': 'Bars'}, {'alias': 'breakfast_brunch', 'title': 'Breakfast & Brunch'}]",4.5,"{'address1': '102 Norfolk St', 'address2': '', 'address3': '', 'city': 'New York', 'zip_code': '10002', 'country': 'US', 'state': 'NY', 'display_address': ['102 Norfolk St', 'New York, NY 10002'], 'cross_streets': 'Rivington St & Delancey St'}","{'latitude': 40.71873, 'longitude': -73.98691}","['https://s3-media2.fl.yelpcdn.com/bphoto/FwZAyPgdKdPGQ8aAGKh3-w/o.jpg', 'https://s3-media3.fl.yelpcdn.com/bphoto/BkFe_N0Ri2FXiCzoponVWw/o.jpg', 'https://s3-media3.fl.yelpcdn.com/bphoto/c4GEeNy7AzjXpgdqtthTPQ/o.jpg']",$$,"[{'open': [{'is_overnight': False, 'start': '1500', 'end': '2200', 'day': 0}, {'is_overnight': False, 'start': '1500', 'end': '2200', 'day': 1}, {'is_overnight': False, 'start': '1500', 'end': '2200', 'day': 2}, {'is_overnight': False, 'start': '1200', 'end': '2200', 'day': 3}, {'is_overnight': False, 'start': '1200', 'end': '2200', 'day': 4}, {'is_overnight': False, 'start': '1200', 'end': '2200', 'day': 5}, {'is_overnight': False, 'start': '1200', 'end': '2200', 'day': 6}], 'hours_type': 'REGULAR', 'is_open_now': False}]","['pickup', 'delivery']",,"{'url': 'https://www.yelp.com/raq/6Ct7OeTRn4caY9g0swFBsw?adjust_creative=VYGm0sk0aHdKKGyXs5PMrA&utm_campaign=yelp_api_v3&utm_medium=api_v3_business_lookup&utm_source=VYGm0sk0aHdKKGyXs5PMrA#popup%3Araq', 'use_case_text': 'Message the Business'}"
ysqgdbSrezXgVwER2kQWKA,julianas-brooklyn-3,Juliana's,https://s3-media2.fl.yelpcdn.com/bphoto/clscwgOF9_Ecq-Rwsq7jyQ/o.jpg,True,False,https://www.yelp.com/biz/julianas-brooklyn-3?adjust_creative=VYGm0sk0aHdKKGyXs5PMrA&utm_campaign=yelp_api_v3&utm_medium=api_v3_business_lookup&utm_source=VYGm0sk0aHdKKGyXs5PMrA,+17185966700,(718) 596-6700,2310,"[{'alias': 'pizza', 'title': 'Pizza'}]",4.5,"{'address1': '19 Old Fulton St', 'address2': '', 'address3': '', 'city': 'Brooklyn', 'zip_code': '11201', 'country': 'US', 'state': 'NY', 'display_address': ['19 Old Fulton St', 'Brooklyn, NY 11201'], 'cross_streets': ''}","{'latitude': 40.70274718768062, 'longitude': -73.99343490196397}","['https://s3-media2.fl.yelpcdn.com/bphoto/clscwgOF9_Ecq-Rwsq7jyQ/o.jpg', 'https://s3-media4.fl.yelpcdn.com/bphoto/-zAVNXSKJDQNYZQYWbqNRA/o.jpg', 'https://s3-media4.fl.yelpcdn.com/bphoto/Ielsk99frSq8ZgZtWmMV7Q/o.jpg']",$$,"[{'open': [{'is_overnight': False, 'start': '1200', 'end': '1515', 'day': 0}, {'is_overnight': False, 'start': '1600', 'end': '2000', 'day': 0}, {'is_overnight': False, 'start': '1200', 'end': '1515', 'day': 1}, {'is_overnight': False, 'start': '1600', 'end': '2000', 'day': 1}, {'is_overnight': False, 'start': '1200', 'end': '1515', 'day': 2}, {'is_overnight': False, 'start': '1600', 'end': '2000', 'day': 2}, {'is_overnight': False, 'start': '1200', 'end': '1515', 'day': 3}, {'is_overnight': False, 'start': '1600', 'end': '2000', 'day': 3}, {'is_overnight': False, 'start': '1200', 'end': '1515', 'day': 4}, {'is_overnight': False, 'start': '1600', 'end': '2100', 'day': 4}, {'is_overnight': False, 'start': '1200', 'end': '1515', 'day': 5}, {'is_overnight': False, 'start': '1600', 'end': '2100', 'day': 5}, {'is_overnight': False, 'start': '1200', 'end': '1515', 'day': 6}, {'is_overnight': False, 'start': '1600', 'end': '2000', 'day': 6}], 'hours_type': 'REGULAR', 'is_open_now': False}]",['delivery'],,
axqp3pGJXnTLgq2QrPyDyQ,benemon-new-york,Benemon,https://s3-media2.fl.yelpcdn.com/bphoto/qYGlL-jKKWmMthi05ae_iA/o.jpg,True,False,https://www.yelp.com/biz/benemon-new-york?adjust_creative=VYGm0sk0aHdKKGyXs5PMrA&utm_campaign=yelp_api_v3&utm_medium=api_v3_business_lookup&utm_source=VYGm0sk0aHdKKGyXs5PMrA,+12126143006,(212) 614-3006,592,"[{'alias': 'japanese', 'title': 'Japanese'}, {'alias': 'comfortfood', 'title': 'Comfort Food'}, {'alias': 'tapasmallplates', 'title': 'Tapas/Small Plates'}]",4.5,"{'address1': '108 E 4th St', 'address2': None, 'address3': '', 'city': 'New York', 'zip_code': '10003', 'country': 'US', 'state': 'NY', 'display_address': ['108 E 4th St', 'New York, NY 10003'], 'cross_streets': '1st Ave & 12th St'}","{'latitude': 40.72551, 'longitude': -73.98838}","['https://s3-media2.fl.yelpcdn.com/bphoto/qYGlL-jKKWmMthi05ae_iA/o.jpg', 'https://s3-media3.fl.yelpcdn.com/bphoto/VOJ1AdcBdml8gNlmb5Ey1Q/o.jpg', 'https://s3-media2.fl.yelpcdn.com/bphoto/n09P3icF8InnQAefBk5ZqQ/o.jpg']",$$,"[{'open': [{'is_overnight': False, 'start': '1700', 'end': '2200', 'day': 1}, {'is_overnight': False, 'start': '1700', 'end': '2200', 'day': 2}, {'is_overnight': False, 'start': '1700', 'end': '2200', 'day': 3}, {'is_overnight': False, 'start': '1700', 'end': '2200', 'day': 4}, {'is_overnight': False, 'start': '1700', 'end': '2200', 'day': 5}, {'is_overnight': False, 'start': '1700', 'end': '2200', 'day': 6}], 'hours_type': 'REGULAR', 'is_open_now': False}]","['delivery', 'pickup']",,
nHMDOIX32dGbfpuNUwsLNQ,almar-brooklyn-2,AlMar,https://s3-media3.fl.yelpcdn.com/bphoto/_EoXWmBYT1-X--xHq0oUTw/o.jpg,True,False,https://www.yelp.com/biz/almar-brooklyn-2?adjust_creative=VYGm0sk0aHdKKGyXs5PMrA&utm_campaign=yelp_api_v3&utm_medium=api_v3_business_lookup&utm_source=VYGm0sk0aHdKKGyXs5PMrA,+17188555288,(718) 855-5288,453,"[{'alias': 'italian', 'title': 'Italian'}, {'alias': 'breakfast_brunch', 'title': 'Breakfast & Brunch'}, {'alias': 'cocktailbars', 'title': 'Cocktail Bars'}]",4.0,"{'address1': '111 Front St', 'address2': '', 'address3': '', 'city': 'Brooklyn', 'zip_code': '11201', 'country': 'US', 'state': 'NY', 'display_address': ['111 Front St', 'Brooklyn, NY 11201'], 'cross_streets': 'Washington St & Adams St'}","{'latitude': 40.702662, 'longitude': -73.989177}","['https://s3-media3.fl.yelpcdn.com/bphoto/_EoXWmBYT1-X--xHq0oUTw/o.jpg', 'https://s3-media1.fl.yelpcdn.com/bphoto/4825e4smnu5nDe8UnVveRQ/o.jpg', 'https://s3-media1.fl.yelpcdn.com/bphoto/qVVAhPi7-PZus7R2NCv5ag/o.jpg']",$$,"[{'open': [{'is_overnight': False, 'start': '0800', 'end': '2230', 'day': 0}, {'is_overnight': False, 'start': '0800', 'end': '2230', 'day': 1}, {'is_overnight': False, 'start': '0800', 'end': '2230', 'day': 2}, {'is_overnight': False, 'start': '0800', 'end': '2230', 'day': 3}, {'is_overnight': False, 'start': '0800', 'end': '2300', 'day': 4}, {'is_overnight': False, 'start': '0900', 'end': '2300', 'day': 5}, {'is_overnight': False, 'start': '1000', 'end': '1700', 'day': 6}], 'hours_type': 'REGULAR', 'is_open_now': False}]","['pickup', 'delivery']",,
0CjK3esfpFcxIopebzjFxA,joes-shanghai-new-york-2,Joe's Shanghai,https://s3-media4.fl.yelpcdn.com/bphoto/KRvabBPGaQikcpSD6vO2bg/o.jpg,True,False,https://www.yelp.com/biz/joes-shanghai-new-york-2?adjust_creative=VYGm0sk0aHdKKGyXs5PMrA&utm_campaign=yelp_api_v3&utm_medium=api_v3_business_lookup&utm_source=VYGm0sk0aHdKKGyXs5PMrA,+12122338888,(212) 233-8888,6314,"[{'alias': 'shanghainese', 'title': 'Shanghainese'}, {'alias': 'seafood', 'title': 'Seafood'}, {'alias': 'noodles', 'title': 'Noodles'}]",4.0,"{'address1': '46 Bowery St', 'address2': '', 'address3': '', 'city': 'New York', 'zip_code': '10013', 'country': 'US', 'state': 'NY', 'display_address': ['46 Bowery St', 'New York, NY 10013'], 'cross_streets': 'Canal St & Bayard St'}","{'latitude': 40.7156608, 'longitude': -73.9967012}","['https://s3-media4.fl.yelpcdn.com/bphoto/KRvabBPGaQikcpSD6vO2bg/o.jpg', 'https://s3-media4.fl.yelpcdn.com/bphoto/Rf8yR3xdxgTFvAqdCGx80A/o.jpg', 'https://s3-media3.fl.yelpcdn.com/bphoto/AY3jCGdHL3eFxicQkXWSZg/o.jpg']",$$,"[{'open': [{'is_overnight': False, 'start': '1100', 'end': '2300', 'day': 0}, {'is_overnight': False, 'start': '1100', 'end': '2300', 'day': 1}, {'is_overnight': False, 'start': '1100', 'end': '2300', 'day': 2}, {'is_overnight': False, 'start': '1100', 'end': '2300', 'day': 3}, {'is_overnight': False, 'start': '1100', 'end': '2300', 'day': 4}, {'is_overnight': False, 'start': '1100', 'end': '2300', 'day': 5}, {'is_overnight': False, 'start': '1100', 'end': '2300', 'day': 6}], 'hours_type': 'REGULAR', 'is_open_now': False}]","['pickup', 'delivery']",,
MphfKkYFEe0BDQ6hZ0A5fA,gelso-and-grand-new-york,Gelso & Grand,https://s3-media3.fl.yelpcdn.com/bphoto/hkiNG-bPWX459H2KIBrsvA/o.jpg,True,False,https://www.yelp.com/biz/gelso-and-grand-new-york?adjust_creative=VYGm0sk0aHdKKGyXs5PMrA&utm_campaign=yelp_api_v3&utm_medium=api_v3_business_lookup&utm_source=VYGm0sk0aHdKKGyXs5PMrA,+12122261600,(212) 226-1600,1014,"[{'alias': 'italian', 'title': 'Italian'}, {'alias': 'pastashops', 'title': 'Pasta Shops'}, {'alias': 'pizza', 'title': 'Pizza'}]",4.5,"{'address1': '186 Grand St', 'address2': '', 'address3': '', 'city': 'New York', 'zip_code': '10013', 'country': 'US', 'state': 'NY', 'display_address': ['186 Grand St', 'New York, NY 10013'], 'cross_streets': 'Baxter St & Centre Market Pl'}","{'latitude': 40.7194089547259, 'longitude': -73.9973777877722}","['https://s3-media3.fl.yelpcdn.com/bphoto/hkiNG-bPWX459H2KIBrsvA/o.jpg', 'https://s3-media2.fl.yelpcdn.com/bphoto/3S1VjiBu9ywLcUmOFDuUZQ/o.jpg', 'https://s3-media4.fl.yelpcdn.com/bphoto/KEQnPfYGUfG-DsVTUogEig/o.jpg']",$$,"[{'open': [{'is_overnight': False, 'start': '1500', 'end': '2300', 'day': 0}, {'is_overnight': False, 'start': '1500', 'end': '2300', 'day': 1}, {'is_overnight': False, 'start': '1500', 'end': '2300', 'day': 2}, {'is_overnight': False, 'start': '1500', 'end': '2300', 'day': 3}, {'is_overnight': False, 'start': '1300', 'end': '0000', 'day': 4}, {'is_overnight': False, 'start': '1200', 'end': '0000', 'day': 5}, {'is_overnight': False, 'start': '1200', 'end': '2300', 'day': 6}], 'hours_type': 'REGULAR', 'is_open_now': False}]","['delivery', 'restaurant_reservation', 'pickup']",,"{'url': 'https://www.yelp.com/raq/MphfKkYFEe0BDQ6hZ0A5fA?adjust_creative=VYGm0sk0aHdKKGyXs5PMrA&utm_campaign=yelp_api_v3&utm_medium=api_v3_business_lookup&utm_source=VYGm0sk0aHdKKGyXs5PMrA#popup%3Araq', 'use_case_text': 'Message the Business'}"
WG639VkTjmK5dzydd1BBJA,rubirosa-new-york-2,Rubirosa,https://s3-media4.fl.yelpcdn.com/bphoto/LuSzR8cpVQRofXOT_bMi1A/o.jpg,True,False,https://www.yelp.com/biz/rubirosa-new-york-2?adjust_creative=VYGm0sk0aHdKKGyXs5PMrA&utm_campaign=yelp_api_v3&utm_medium=api_v3_business_lookup&utm_source=VYGm0sk0aHdKKGyXs5PMrA,+12129650500,(212) 965-0500,2375,"[{'alias': 'italian', 'title': 'Italian'}, {'alias': 'pizza', 'title': 'Pizza'}]",4.5,"{'address1': '235 Mulberry St', 'address2': '', 'address3': '', 'city': 'New York', 'zip_code': '10012', 'country': 'US', 'state': 'NY', 'display_address': ['235 Mulberry St', 'New York, NY 10012'], 'cross_streets': 'Spring St & Prince St'}","{'latitude': 40.722766, 'longitude': -73.996233}","['https://s3-media4.fl.yelpcdn.com/bphoto/LuSzR8cpVQRofXOT_bMi1A/o.jpg', 'https://s3-media2.fl.yelpcdn.com/bphoto/kwmHYILvME7mu3umEsUEDw/o.jpg', 'https://s3-media4.fl.yelpcdn.com/bphoto/8Jpbc4xu8GBNs3JNOYA0HQ/o.jpg']",$$,"[{'open': [{'is_overnight': False, 'start': '1200', 'end': '2200', 'day': 0}, {'is_overnight': False, 'start': '1200', 'end': '2200', 'day': 1}, {'is_overnight': False, 'start': '1200', 'end': '2200', 'day': 2}, {'is_overnight': False, 'start': '1200', 'end': '2200', 'day': 3}, {'is_overnight': False, 'start': '1200', 'end': '2200', 'day': 4}, {'is_overnight': False, 'start': '1200', 'end': '2200', 'day': 5}, {'is_overnight': False, 'start': '1200', 'end': '2200', 'day': 6}], 'hours_type': 'REGULAR', 'is_open_now': False}]","['delivery', 'pickup']",,
3xTQT7qjZJIxc-eBiFMerQ,1803-new-york,1803,https://s3-media3.fl.yelpcdn.com/bphoto/f6_ZYxoZGbyGsCn6m_auog/o.jpg,True,False,https://www.yelp.com/biz/1803-new-york?adjust_creative=VYGm0sk0aHdKKGyXs5PMrA&utm_campaign=yelp_api_v3&utm_medium=api_v3_business_lookup&utm_source=VYGm0sk0aHdKKGyXs5PMrA,+12122673000,(212) 267-3000,488,"[{'alias': 'cajun', 'title': 'Cajun/Creole'}, {'alias': 'seafood', 'title': 'Seafood'}, {'alias': 'bars', 'title': 'Bars'}]",4.5,"{'address1': '82 Reade St', 'address2': None, 'address3': '', 'city': 'New York', 'zip_code': '10007', 'country': 'US', 'state': 'NY', 'display_address': ['82 Reade St', 'New York, NY 10007'], 'cross_streets': ''}","{'latitude': 40.715498, 'longitude': -74.007178}","['https://s3-media3.fl.yelpcdn.com/bphoto/f6_ZYxoZGbyGsCn6m_auog/o.jpg', 'https://s3-media2.fl.yelpcdn.com/bphoto/WwUWYeiQoleN1aVd7QKbSg/o.jpg', 'https://s3-media3.fl.yelpcdn.com/bphoto/V1-_214Vuijh5t__vGtyxw/o.jpg']",$$,"[{'open': [{'is_overnight': False, 'start': '1200', 'end': '2200', 'day': 0}, {'is_overnight': False, 'start': '1200', 'end': '2200', 'day': 1}, {'is_overnight': False, 'start': '1200', 'end': '2200', 'day': 2}, {'is_overnight': False, 'start': '1200', 'end': '2200', 'day': 3}, {'is_overnight': False, 'start': '1200', 'end': '2200', 'day': 4}, {'is_overnight': False, 'start': '1200', 'end': '2200', 'day': 5}, {'is_overnight': False, 'start': '1200', 'end': '2000', 'day': 6}], 'hours_type': 'REGULAR', 'is_open_now': False}]","['restaurant_reservation', 'delivery', 'pickup']",,
X8ZS-dgiMIJvhwf9SaDnjw,wah-fung-no-1-new-york-2,Wah Fung No 1,https://s3-media3.fl.yelpcdn.com/bphoto/oMriteKj4yYHMmb8myOgJA/o.jpg,True,False,https://www.yelp.com/biz/wah-fung-no-1-new-york-2?adjust_creative=VYGm0sk0aHdKKGyXs5PMrA&utm_campaign=yelp_api_v3&utm_medium=api_v3_business_lookup&utm_source=VYGm0sk0aHdKKGyXs5PMrA,+12129255175,(212) 925-5175,1570,"[{'alias': 'chinese', 'title': 'Chinese'}, {'alias': 'hotdogs', 'title': 'Fast Food'}]",4.5,"{'address1': '79 Chrystie St', 'address2': '', 'address3': '', 'city': 'New York', 'zip_code': '10002', 'country': 'US', 'state': 'NY', 'display_address': ['79 Chrystie St', 'New York, NY 10002'], 'cross_streets': 'Canal St & Hester St'}","{'latitude': 40.71735, 'longitude': -73.99457}","['https://s3-media3.fl.yelpcdn.com/bphoto/oMriteKj4yYHMmb8myOgJA/o.jpg', 'https://s3-media1.fl.yelpcdn.com/bphoto/FgHbayVGv9ihiVrLHx4uRg/o.jpg', 'https://s3-media1.fl.yelpcdn.com/bphoto/ODYC7c1NSI1EKceznEiWjA/o.jpg']",$,"[{'open': [{'is_overnight': False, 'start': '0900', 'end': '1900', 'day': 1}, {'is_overnight': False, 'start': '0900', 'end': '1900', 'day': 2}, {'is_overnight': False, 'start': '0900', 'end': '1900', 'day': 3}, {'is_overnight': False, 'start': '0900', 'end': '1900', 'day': 4}, {'is_overnight': False, 'start': '0900', 'end': '1900', 'day': 5}, {'is_overnight': False, 'start': '0900', 'end': '1900', 'day': 6}], 'hours_type': 'REGULAR', 'is_open_now': False}]",['delivery'],,
hNFe8WhCibrqT4sFcZmAgw,kong-sihk-tong-港食堂-new-york,Kong Sihk Tong 港食堂,https://s3-media1.fl.yelpcdn.com/bphoto/z94Swcbxg1QmYJcsJeeqrg/o.jpg,True,False,https://www.yelp.com/biz/kong-sihk-tong-%E6%B8%AF%E9%A3%9F%E5%A0%82-new-york?adjust_creative=VYGm0sk0aHdKKGyXs5PMrA&utm_campaign=yelp_api_v3&utm_medium=api_v3_business_lookup&utm_source=VYGm0sk0aHdKKGyXs5PMrA,+16468506140,(646) 850-6140,313,"[{'alias': 'chinese', 'title': 'Chinese'}, {'alias': 'hkcafe', 'title': 'Hong Kong Style Cafe'}]",4.0,"{'address1': '65 Bayard St', 'address2': '', 'address3': None, 'city': 'New York', 'zip_code': '10013', 'country': 'US', 'state': 'NY', 'display_address': ['65 Bayard St', 'New York, NY 10013'], 'cross_streets': 'Mott St & Elizabeth St'}","{'latitude': 40.71542, 'longitude': -73.99813}","['https://s3-media1.fl.yelpcdn.com/bphoto/z94Swcbxg1QmYJcsJeeqrg/o.jpg', 'https://s3-media4.fl.yelpcdn.com/bphoto/CTN4qgzlaiLMMTo84d2Xqw/o.jpg', 'https://s3-media2.fl.yelpcdn.com/bphoto/TUB3CagsLrtlNiCSkVhDag/o.jpg']",$,"[{'open': [{'is_overnight': False, 'start': '0800', 'end': '2100', 'day': 0}, {'is_overnight': False, 'start': '0800', 'end': '2100', 'day': 1}, {'is_overnight': False, 'start': '0800', 'end': '2100', 'day': 2}, {'is_overnight': False, 'start': '0800', 'end': '2100', 'day': 3}, {'is_overnight': False, 'start': '0800', 'end': '2200', 'day': 4}, {'is_overnight': False, 'start': '0800', 'end': '2200', 'day': 5}, {'is_overnight': False, 'start': '0800', 'end': '2100', 'day': 6}], 'hours_type': 'REGULAR', 'is_open_now': False}]","['delivery', 'pickup']",,
ULt3kmA0_hbZ3j6cMORCaA,root-and-bone-new-york,Root & Bone,https://s3-media2.fl.yelpcdn.com/bphoto/wvua8sLOp181T_Sb41MLJg/o.jpg,True,False,https://www.yelp.com/biz/root-and-bone-new-york?adjust_creative=VYGm0sk0aHdKKGyXs5PMrA&utm_campaign=yelp_api_v3&utm_medium=api_v3_business_lookup&utm_source=VYGm0sk0aHdKKGyXs5PMrA,+16466827080,(646) 682-7080,1633,"[{'alias': 'southern', 'title': 'Southern'}, {'alias': 'breakfast_brunch', 'title': 'Breakfast & Brunch'}, {'alias': 'salad', 'title': 'Salad'}]",4.0,"{'address1': '200 E 3rd St', 'address2': '', 'address3': '', 'city': 'New York', 'zip_code': '10009', 'country': 'US', 'state': 'NY', 'display_address': ['200 E 3rd St', 'New York, NY 10009'], 'cross_streets': 'Avenue B & Avenue A'}","{'latitude': 40.7228079872831, 'longitude': -73.9833535829059}","['https://s3-media2.fl.yelpcdn.com/bphoto/wvua8sLOp181T_Sb41MLJg/o.jpg', 'https://s3-media4.fl.yelpcdn.com/bphoto/XrhFo3XDZAh6UjgvIT0S9w/o.jpg', 'https://s3-media1.fl.yelpcdn.com/bphoto/MJeXU04vywbTiYj4JcT_GQ/o.jpg']",$$,"[{'open': [{'is_overnight': False, 'start': '1700', 'end': '2200', 'day': 1}, {'is_overnight': False, 'start': '1700', 'end': '2200', 'day': 2}, {'is_overnight': False, 'start': '1700', 'end': '2200', 'day': 3}, {'is_overnight': False, 'start': '1700', 'end': '2200', 'day': 4}, {'is_overnight': False, 'start': '1000', 'end': '1600', 'day': 5}, {'is_overnight': False, 'start': '1700', 'end': '2200', 'day': 5}, {'is_overnight': False, 'start': '1000', 'end': '1600', 'day': 6}, {'is_overnight': False, 'start': '1700', 'end': '2200', 'day': 6}], 'hours_type': 'REGULAR', 'is_open_now': False}]","['pickup', 'delivery']",,
ooYUO3Pq_qypc1NXFzeLYQ,city-vineyard-new-york,City Vineyard,https://s3-media3.fl.yelpcdn.com/bphoto/EQkP8Wd2bC_411mQMBtwXg/o.jpg,True,False,https://www.yelp.com/biz/city-vineyard-new-york?adjust_creative=VYGm0sk0aHdKKGyXs5PMrA&utm_campaign=yelp_api_v3&utm_medium=api_v3_business_lookup&utm_source=VYGm0sk0aHdKKGyXs5PMrA,+16466778350,(646) 677-8350,989,"[{'alias': 'wine_bars', 'title': 'Wine Bars'}, {'alias': 'newamerican', 'title': 'American (New)'}, {'alias': 'venues', 'title': 'Venues & Event Spaces'}]",4.0,"{'address1': '233 West St', 'address2': '', 'address3': None, 'city': 'New York', 'zip_code': '10013', 'country': 'US', 'state': 'NY', 'display_address': ['233 West St', 'New York, NY 10013'], 'cross_streets': ''}","{'latitude': 40.7205582, 'longitude': -74.0118093}","['https://s3-media3.fl.yelpcdn.com/bphoto/EQkP8Wd2bC_411mQMBtwXg/o.jpg', 'https://s3-media2.fl.yelpcdn.com/bphoto/E5BKT6ROOJP4YC47pVbb8w/o.jpg', 'https://s3-media4.fl.yelpcdn.com/bphoto/DYWO7t-6yT5EiIe40ckamQ/o.jpg']",$$,"[{'open': [{'is_overnight': False, 'start': '1600', 'end': '2200', 'day': 0}, {'is_overnight': False, 'start': '1600', 'end': '2200', 'day': 1}, {'is_overnight': False, 'start': '1600', 'end': '2200', 'day': 2}, {'is_overnight': False, 'start': '1600', 'end': '2200', 'day': 3}, {'is_overnight': False, 'start': '1600', 'end': '2200', 'day': 4}, {'is_overnight': False, 'start': '1200', 'end': '2200', 'day': 5}, {'is_overnight': False, 'start': '1200', 'end': '2200', 'day': 6}], 'hours_type': 'REGULAR', 'is_open_now': False}]","['pickup', 'delivery']",,
9aJ1MVTthZw3QjqoG7mPjg,rosies-new-york-2,Rosie's,https://s3-media1.fl.yelpcdn.com/bphoto/C5Mf9gLWxbTiTzmOp2B2YQ/o.jpg,True,False,https://www.yelp.com/biz/rosies-new-york-2?adjust_creative=VYGm0sk0aHdKKGyXs5PMrA&utm_campaign=yelp_api_v3&utm_medium=api_v3_business_lookup&utm_source=VYGm0sk0aHdKKGyXs5PMrA,+12123350114,(212) 335-0114,758,"[{'alias': 'mexican', 'title': 'Mexican'}]",4.0,"{'address1': '29 E 2nd St', 'address2': None, 'address3': '', 'city': 'New York', 'zip_code': '10003', 'country': 'US', 'state': 'NY', 'display_address': ['29 E 2nd St', 'New York, NY 10003'], 'cross_streets': '1st St'}","{'latitude': 40.72492, 'longitude': -73.99079}","['https://s3-media1.fl.yelpcdn.com/bphoto/C5Mf9gLWxbTiTzmOp2B2YQ/o.jpg', 'https://s3-media3.fl.yelpcdn.com/bphoto/EIpEzif8PZtyNrmbzTIBCw/o.jpg', 'https://s3-media3.fl.yelpcdn.com/bphoto/7euZyoCspqVWuwgbwZ9fPg/o.jpg']",$$,"[{'open': [{'is_overnight': False, 'start': '1700', 'end': '2200', 'day': 0}, {'is_overnight': False, 'start': '1700', 'end': '2200', 'day': 1}, {'is_overnight': False, 'start': '1700', 'end': '2200', 'day': 2}, {'is_overnight': False, 'start': '1700', 'end': '2200', 'day': 3}, {'is_overnight': False, 'start': '1600', 'end': '2200', 'day': 4}, {'is_overnight': False, 'start': '1100', 'end': '2200', 'day': 5}, {'is_overnight': False, 'start': '1100', 'end': '2100', 'day': 6}], 'hours_type': 'REGULAR', 'is_open_now': False}]","['delivery', 'pickup']",,"{'url': 'https://www.yelp.com/raq/9aJ1MVTthZw3QjqoG7mPjg?adjust_creative=VYGm0sk0aHdKKGyXs5PMrA&utm_campaign=yelp_api_v3&utm_medium=api_v3_business_lookup&utm_source=VYGm0sk0aHdKKGyXs5PMrA#popup%3Araq', 'use_case_text': 'Message the Business'}"
jjJc_CrkB2HodEinB6cWww,lovemama-new-york,LoveMama,https://s3-media1.fl.yelpcdn.com/bphoto/bLlFKTlVuLfmF-lIDGIjZA/o.jpg,True,False,https://www.yelp.com/biz/lovemama-new-york?adjust_creative=VYGm0sk0aHdKKGyXs5PMrA&utm_campaign=yelp_api_v3&utm_medium=api_v3_business_lookup&utm_source=VYGm0sk0aHdKKGyXs5PMrA,+12122545370,(212) 254-5370,5305,"[{'alias': 'thai', 'title': 'Thai'}, {'alias': 'malaysian', 'title': 'Malaysian'}, {'alias': 'vietnamese', 'title': 'Vietnamese'}]",4.5,"{'address1': '174 2nd Ave', 'address2': '', 'address3': '', 'city': 'New York', 'zip_code': '10003', 'country': 'US', 'state': 'NY', 'display_address': ['174 2nd Ave', 'New York, NY 10003'], 'cross_streets': '12th St & 11th St'}","{'latitude': 40.730408722512074, 'longitude': -73.98612673033213}","['https://s3-media1.fl.yelpcdn.com/bphoto/bLlFKTlVuLfmF-lIDGIjZA/o.jpg', 'https://s3-media3.fl.yelpcdn.com/bphoto/VUZKcwpdMpDRUuh-2A4XPA/o.jpg', 'https://s3-media2.fl.yelpcdn.com/bphoto/IMCy_HKjbvfVBvY4FV1CRQ/o.jpg']",$$,"[{'open': [{'is_overnight': False, 'start': '1100', 'end': '2230', 'day': 0}, {'is_overnight': False, 'start': '1100', 'end': '2230', 'day': 1}, {'is_overnight': False, 'start': '1100', 'end': '2230', 'day': 2}, {'is_overnight': False, 'start': '1100', 'end': '2230', 'day': 3}, {'is_overnight': False, 'start': '1100', 'end': '2230', 'day': 4}, {'is_overnight': False, 'start': '1100', 'end': '2230', 'day': 5}, {'is_overnight': False, 'start': '1100', 'end': '2230', 'day': 6}], 'hours_type': 'REGULAR', 'is_open_now': False}]","['delivery', 'pickup']",,
N5UY113nNpeKdLPv0cbMjQ,the-wild-son-new-york,The Wild Son,https://s3-media3.fl.yelpcdn.com/bphoto/bKbzwnDOl26D3aVzh-lj0A/o.jpg,True,False,https://www.yelp.com/biz/the-wild-son-new-york?adjust_creative=VYGm0sk0aHdKKGyXs5PMrA&utm_campaign=yelp_api_v3&utm_medium=api_v3_business_lookup&utm_source=VYGm0sk0aHdKKGyXs5PMrA,+12127277900,(212) 727-7900,521,"[{'alias': 'newamerican', 'title': 'American (New)'}, {'alias': 'cocktailbars', 'title': 'Cocktail Bars'}, {'alias': 'breakfast_brunch', 'title': 'Breakfast & Brunch'}]",4.5,"{'address1': '132 First Ave', 'address2': '', 'address3': None, 'city': 'New York', 'zip_code': '10009', 'country': 'US', 'state': 'NY', 'display_address': ['132 First Ave', 'New York, NY 10009'], 'cross_streets': ''}","{'latitude': 40.727424, 'longitude': -73.985201}","['https://s3-media3.fl.yelpcdn.com/bphoto/bKbzwnDOl26D3aVzh-lj0A/o.jpg', 'https://s3-media4.fl.yelpcdn.com/bphoto/b85p3LTjhD6DRjx0CZLa_g/o.jpg', 'https://s3-media2.fl.yelpcdn.com/bphoto/Zf0DHRtjbK1i3fFblm0w9A/o.jpg']",$$,"[{'open': [{'is_overnight': False, 'start': '1600', 'end': '2300', 'day': 1}, {'is_overnight': False, 'start': '1600', 'end': '2300', 'day': 2}, {'is_overnight': False, 'start': '1600', 'end': '0000', 'day': 3}, {'is_overnight': False, 'start': '1100', 'end': '0000', 'day': 4}, {'is_overnight': False, 'start': '1100', 'end': '0000', 'day': 5}, {'is_overnight': False, 'start': '1100', 'end': '1700', 'day': 6}], 'hours_type': 'REGULAR', 'is_open_now': False}]","['delivery', 'pickup']",,
ehUuSk5gPTCQmwS_ubgKRA,upstate-craft-beer-and-oyster-bar-new-york-4,Upstate Craft Beer & Oyster Bar,https://s3-media1.fl.yelpcdn.com/bphoto/RvnUVU7MF7DT0RzNL-EebQ/o.jpg,True,False,https://www.yelp.com/biz/upstate-craft-beer-and-oyster-bar-new-york-4?adjust_creative=VYGm0sk0aHdKKGyXs5PMrA&utm_campaign=yelp_api_v3&utm_medium=api_v3_business_lookup&utm_source=VYGm0sk0aHdKKGyXs5PMrA,+16467915400,(646) 791-5400,1893,"[{'alias': 'seafood', 'title': 'Seafood'}]",4.5,"{'address1': '95 1st Ave', 'address2': None, 'address3': '', 'city': 'New York', 'zip_code': '10003', 'country': 'US', 'state': 'NY', 'display_address': ['95 1st Ave', 'New York, NY 10003'], 'cross_streets': ''}","{'latitude': 40.726373, 'longitude': -73.986557}","['https://s3-media1.fl.yelpcdn.com/bphoto/RvnUVU7MF7DT0RzNL-EebQ/o.jpg', 'https://s3-media2.fl.yelpcdn.com/bphoto/br5G49zxXZZTSLuvcmXWfA/o.jpg', 'https://s3-media3.fl.yelpcdn.com/bphoto/BhBkw2RWNB7rnlEhES1pPw/o.jpg']",$$,"[{'open': [{'is_overnight': False, 'start': '1700', 'end': '2130', 'day': 1}, {'is_overnight': False, 'start': '1700', 'end': '2130', 'day': 2}, {'is_overnight': False, 'start': '1700', 'end': '2130', 'day': 3}, {'is_overnight': False, 'start': '1700', 'end': '2200', 'day': 4}, {'is_overnight': False, 'start': '1700', 'end': '2200', 'day': 5}, {'is_overnight': False, 'start': '1700', 'end': '2130', 'day': 6}], 'hours_type': 'REGULAR', 'is_open_now': False}]","['delivery', 'restaurant_reservation']",,
9fG8-RRh1rzuCKN2TmF-QQ,5ive-spice-new-york-2,5ive Spice,https://s3-media1.fl.yelpcdn.com/bphoto/GNDdH26bue1yTqVJEawx6A/o.jpg,True,False,https://www.yelp.com/biz/5ive-spice-new-york-2?adjust_creative=VYGm0sk0aHdKKGyXs5PMrA&utm_campaign=yelp_api_v3&utm_medium=api_v3_business_lookup&utm_source=VYGm0sk0aHdKKGyXs5PMrA,+19174092605,(917) 409-2605,194,"[{'alias': 'vietnamese', 'title': 'Vietnamese'}, {'alias': 'tacos', 'title': 'Tacos'}, {'alias': 'sandwiches', 'title': 'Sandwiches'}]",5.0,"{'address1': '227 Mulberry St', 'address2': None, 'address3': '', 'city': 'New York', 'zip_code': '10012', 'country': 'US', 'state': 'NY', 'display_address': ['227 Mulberry St', 'New York, NY 10012'], 'cross_streets': 'Spring St & Prince St'}","{'latitude': 40.722598, 'longitude': -73.996272}",['https://s3-media1.fl.yelpcdn.com/bphoto/GNDdH26bue1yTqVJEawx6A/o.jpg'],,"[{'open': [{'is_overnight': False, 'start': '1200', 'end': '2200', 'day': 0}, {'is_overnight': False, 'start': '1200', 'end': '2200', 'day': 1}, {'is_overnight': False, 'start': '1200', 'end': '2200', 'day': 2}, {'is_overnight': False, 'start': '1200', 'end': '2200', 'day': 3}, {'is_overnight': False, 'start': '1200', 'end': '2200', 'day': 4}, {'is_overnight': False, 'start': '1200', 'end': '2200', 'day': 5}, {'is_overnight': False, 'start': '1200', 'end': '2200', 'day': 6}], 'hours_type': 'REGULAR', 'is_open_now': False}]","['pickup', 'delivery']",,"{'url': 'https://www.yelp.com/raq/9fG8-RRh1rzuCKN2TmF-QQ?adjust_creative=VYGm0sk0aHdKKGyXs5PMrA&utm_campaign=yelp_api_v3&utm_medium=api_v3_business_lookup&utm_source=VYGm0sk0aHdKKGyXs5PMrA#popup%3Araq', 'use_case_text': 'Message the Business'}"
ax4INkzwL__-d_kGJfcA-w,kaikagetsu-nyc-new-york-2,Kaikagetsu NYC,https://s3-media3.fl.yelpcdn.com/bphoto/vtl3gL8XoiPNV-MwPvEuVQ/o.jpg,True,False,https://www.yelp.com/biz/kaikagetsu-nyc-new-york-2?adjust_creative=VYGm0sk0aHdKKGyXs5PMrA&utm_campaign=yelp_api_v3&utm_medium=api_v3_business_lookup&utm_source=VYGm0sk0aHdKKGyXs5PMrA,+16465903900,(646) 590-3900,86,"[{'alias': 'japanese', 'title': 'Japanese'}]",4.5,"{'address1': '162 Orchard St', 'address2': '', 'address3': None, 'city': 'New York', 'zip_code': '10002', 'country': 'US', 'state': 'NY', 'display_address': ['162 Orchard St', 'New York, NY 10002'], 'cross_streets': 'Stanton St & Rivington St'}","{'latitude': 40.72104, 'longitude': -73.98848}","['https://s3-media3.fl.yelpcdn.com/bphoto/vtl3gL8XoiPNV-MwPvEuVQ/o.jpg', 'https://s3-media2.fl.yelpcdn.com/bphoto/OuxG_q8Ri1r2vUY-6l6ZdA/o.jpg', 'https://s3-media3.fl.yelpcdn.com/bphoto/OVGtj-R95J-hAnAiY_P-YQ/o.jpg']",,"[{'open': [{'is_overnight': False, 'start': '1730', 'end': '2100', 'day': 2}, {'is_overnight': False, 'start': '1730', 'end': '2100', 'day': 3}, {'is_overnight': False, 'start': '1730', 'end': '2100', 'day': 4}, {'is_overnight': False, 'start': '1730', 'end': '2100', 'day': 5}, {'is_overnight': False, 'start': '1730', 'end': '2100', 'day': 6}], 'hours_type': 'REGULAR', 'is_open_now': False}]","['restaurant_reservation', 'delivery']",,
jAaVnUKLITkuhzwXIe0vLQ,cafe-mogador-brooklyn,Cafe Mogador,https://s3-media1.fl.yelpcdn.com/bphoto/jUl2gMl7B93sIHzKRKatIA/o.jpg,True,False,https://www.yelp.com/biz/cafe-mogador-brooklyn?adjust_creative=VYGm0sk0aHdKKGyXs5PMrA&utm_campaign=yelp_api_v3&utm_medium=api_v3_business_lookup&utm_source=VYGm0sk0aHdKKGyXs5PMrA,+17184869222,(718) 486-9222,1199,"[{'alias': 'moroccan', 'title': 'Moroccan'}, {'alias': 'breakfast_brunch', 'title': 'Breakfast & Brunch'}, {'alias': 'mediterranean', 'title': 'Mediterranean'}]",4.5,"{'address1': '133 Wythe Ave', 'address2': '', 'address3': '', 'city': 'Brooklyn', 'zip_code': '11211', 'country': 'US', 'state': 'NY', 'display_address': ['133 Wythe Ave', 'Brooklyn, NY 11211'], 'cross_streets': '7th and 8th on Wythe'}","{'latitude': 40.719747, 'longitude': -73.959993}","['https://s3-media1.fl.yelpcdn.com/bphoto/jUl2gMl7B93sIHzKRKatIA/o.jpg', 'https://s3-media4.fl.yelpcdn.com/bphoto/AJvstQkBQlwZoKUT0Kk54w/o.jpg', 'https://s3-media3.fl.yelpcdn.com/bphoto/MvvnsGmYCZmDJtIftKosgg/o.jpg']",$$,"[{'open': [{'is_overnight': False, 'start': '1030', 'end': '2300', 'day': 0}, {'is_overnight': False, 'start': '1030', 'end': '2300', 'day': 1}, {'is_overnight': False, 'start': '1030', 'end': '2300', 'day': 2}, {'is_overnight': False, 'start': '1030', 'end': '2300', 'day': 3}, {'is_overnight': False, 'start': '1030', 'end': '0000', 'day': 4}, {'is_overnight': False, 'start': '1030', 'end': '0000', 'day': 5}, {'is_overnight': False, 'start': '1030', 'end': '2300', 'day': 6}], 'hours_type': 'REGULAR', 'is_open_now': False}]","['pickup', 'delivery']",,
nxTEuWKzkK1tCF4LrhFSUQ,pig-and-khao-new-york,Pig and Khao,https://s3-media4.fl.yelpcdn.com/bphoto/lVUEbZ9sFojU2DeRLgzRQA/o.jpg,True,False,https://www.yelp.com/biz/pig-and-khao-new-york?adjust_creative=VYGm0sk0aHdKKGyXs5PMrA&utm_campaign=yelp_api_v3&utm_medium=api_v3_business_lookup&utm_source=VYGm0sk0aHdKKGyXs5PMrA,+12129204485,(212) 920-4485,1659,"[{'alias': 'filipino', 'title': 'Filipino'}, {'alias': 'thai', 'title': 'Thai'}, {'alias': 'asianfusion', 'title': 'Asian Fusion'}]",4.0,"{'address1': '68 Clinton St', 'address2': '', 'address3': '', 'city': 'New York', 'zip_code': '10002', 'country': 'US', 'state': 'NY', 'display_address': ['68 Clinton St', 'New York, NY 10002'], 'cross_streets': 'Stanton St & Rivington St'}","{'latitude': 40.71926, 'longitude': -73.98475}","['https://s3-media4.fl.yelpcdn.com/bphoto/lVUEbZ9sFojU2DeRLgzRQA/o.jpg', 'https://s3-media2.fl.yelpcdn.com/bphoto/MYeMtZp4s1a4X1TkDGn4Jw/o.jpg', 'https://s3-media2.fl.yelpcdn.com/bphoto/bV_sHIsR3MFmclD63AmwKA/o.jpg']",$$,"[{'open': [{'is_overnight': False, 'start': '1700', 'end': '2200', 'day': 2}, {'is_overnight': False, 'start': '1700', 'end': '2200', 'day': 3}, {'is_overnight': False, 'start': '1700', 'end': '2300', 'day': 4}, {'is_overnight': False, 'start': '1100', 'end': '1515', 'day': 5}, {'is_overnight': False, 'start': '1700', 'end': '2300', 'day': 5}, {'is_overnight': False, 'start': '1100', 'end': '1515', 'day': 6}, {'is_overnight': False, 'start': '1700', 'end': '2300', 'day': 6}], 'hours_type': 'REGULAR', 'is_open_now': False}]","['delivery', 'pickup']",,
AIKjw2QLvVNdha3TciJYzg,boqueria-soho-new-york-2,Boqueria Soho,https://s3-media1.fl.yelpcdn.com/bphoto/dCL7_g5zIsPd5ggJjvjggg/o.jpg,True,False,https://www.yelp.com/biz/boqueria-soho-new-york-2?adjust_creative=VYGm0sk0aHdKKGyXs5PMrA&utm_campaign=yelp_api_v3&utm_medium=api_v3_business_lookup&utm_source=VYGm0sk0aHdKKGyXs5PMrA,+12123434255,(212) 343-4255,1063,"[{'alias': 'spanish', 'title': 'Spanish'}, {'alias': 'tapas', 'title': 'Tapas Bars'}, {'alias': 'tapasmallplates', 'title': 'Tapas/Small Plates'}]",4.0,"{'address1': '171 Spring St', 'address2': '', 'address3': '', 'city': 'New York', 'zip_code': '10012', 'country': 'US', 'state': 'NY', 'display_address': ['171 Spring St', 'New York, NY 10012'], 'cross_streets': 'Thompson St & Broadway'}","{'latitude': 40.724912, 'longitude': -74.0021299}","['https://s3-media1.fl.yelpcdn.com/bphoto/dCL7_g5zIsPd5ggJjvjggg/o.jpg', 'https://s3-media2.fl.yelpcdn.com/bphoto/NVDEX1QfAitktj7BNNT5eQ/o.jpg', 'https://s3-media2.fl.yelpcdn.com/bphoto/Ow4Jvi-IzjSsiFhT5nkttg/o.jpg']",$$,"[{'open': [{'is_overnight': False, 'start': '1200', 'end': '2200', 'day': 0}, {'is_overnight': False, 'start': '1200', 'end': '2200', 'day': 1}, {'is_overnight': False, 'start': '1200', 'end': '2200', 'day': 2}, {'is_overnight': False, 'start': '1200', 'end': '2200', 'day': 3}, {'is_overnight': False, 'start': '1200', 'end': '2200', 'day': 4}, {'is_overnight': False, 'start': '1200', 'end': '2200', 'day': 5}, {'is_overnight': False, 'start': '1200', 'end': '2200', 'day': 6}], 'hours_type': 'REGULAR', 'is_open_now': False}]","['delivery', 'pickup']",,
OQbccovdHgjenH-sJIbFPw,clover-hill-brooklyn,Clover Hill,https://s3-media2.fl.yelpcdn.com/bphoto/qXBgeD528c_JDKCg1ECPpA/o.jpg,True,False,https://www.yelp.com/biz/clover-hill-brooklyn?adjust_creative=VYGm0sk0aHdKKGyXs5PMrA&utm_campaign=yelp_api_v3&utm_medium=api_v3_business_lookup&utm_source=VYGm0sk0aHdKKGyXs5PMrA,+19293376580,(929) 337-6580,13,"[{'alias': 'newamerican', 'title': 'American (New)'}, {'alias': 'coffee', 'title': 'Coffee & Tea'}, {'alias': 'breakfast_brunch', 'title': 'Breakfast & Brunch'}]",4.5,"{'address1': '20 Columbia Pl', 'address2': None, 'address3': '', 'city': 'Brooklyn', 'zip_code': '11201', 'country': 'US', 'state': 'NY', 'display_address': ['20 Columbia Pl', 'Brooklyn, NY 11201'], 'cross_streets': 'Atlantic Ave & State St'}","{'latitude': 40.69316, 'longitude': -73.99871}","['https://s3-media2.fl.yelpcdn.com/bphoto/qXBgeD528c_JDKCg1ECPpA/o.jpg', 'https://s3-media1.fl.yelpcdn.com/bphoto/dYKbI76W-k17x5O6gNUvTw/o.jpg', 'https://s3-media1.fl.yelpcdn.com/bphoto/zLWYbf04op4E6iLiFWOKhA/o.jpg']",,,[],,"{'url': 'https://www.yelp.com/raq/OQbccovdHgjenH-sJIbFPw?adjust_creative=VYGm0sk0aHdKKGyXs5PMrA&utm_campaign=yelp_api_v3&utm_medium=api_v3_business_lookup&utm_source=VYGm0sk0aHdKKGyXs5PMrA#popup%3Araq', 'use_case_text': 'Message the Business'}"
9AXTJkwXdWaJaQkCjpj6mA,sunday-in-brooklyn-brooklyn-3,Sunday in Brooklyn,https://s3-media2.fl.yelpcdn.com/bphoto/aQ6Q-J6s4imnnsxnfVASjw/o.jpg,True,False,https://www.yelp.com/biz/sunday-in-brooklyn-brooklyn-3?adjust_creative=VYGm0sk0aHdKKGyXs5PMrA&utm_campaign=yelp_api_v3&utm_medium=api_v3_business_lookup&utm_source=VYGm0sk0aHdKKGyXs5PMrA,+13472226722,(347) 222-6722,895,"[{'alias': 'newamerican', 'title': 'American (New)'}, {'alias': 'breakfast_brunch', 'title': 'Breakfast & Brunch'}, {'alias': 'cocktailbars', 'title': 'Cocktail Bars'}]",4.0,"{'address1': '348 Wythe Ave', 'address2': '', 'address3': None, 'city': 'Brooklyn', 'zip_code': '11249', 'country': 'US', 'state': 'NY', 'display_address': ['348 Wythe Ave', 'Brooklyn, NY 11249'], 'cross_streets': ''}","{'latitude': 40.714145, 'longitude': -73.965322}","['https://s3-media2.fl.yelpcdn.com/bphoto/aQ6Q-J6s4imnnsxnfVASjw/o.jpg', 'https://s3-media1.fl.yelpcdn.com/bphoto/0Ld-ZuZqJ1rbAmjBgFlFdg/o.jpg', 'https://s3-media1.fl.yelpcdn.com/bphoto/Eo2qF2-NjrSM4Idiqkn-Yg/o.jpg']",$$,"[{'open': [{'is_overnight': False, 'start': '1000', 'end': '1530', 'day': 0}, {'is_overnight': False, 'start': '1700', 'end': '2200', 'day': 0}, {'is_overnight': False, 'start': '1000', 'end': '1530', 'day': 1}, {'is_overnight': False, 'start': '1700', 'end': '2200', 'day': 1}, {'is_overnight': False, 'start': '1000', 'end': '1530', 'day': 2}, {'is_overnight': False, 'start': '1700', 'end': '2200', 'day': 2}, {'is_overnight': False, 'start': '1000', 'end': '1530', 'day': 3}, {'is_overnight': False, 'start': '1700', 'end': '2200', 'day': 3}, {'is_overnight': False, 'start': '1000', 'end': '1530', 'day': 4}, {'is_overnight': False, 'start': '1700', 'end': '2300', 'day': 4}, {'is_overnight': False, 'start': '1000', 'end': '1530', 'day': 5}, {'is_overnight': False, 'start': '1700', 'end': '2300', 'day': 5}, {'is_overnight': False, 'start': '1000', 'end': '1530', 'day': 6}, {'is_overnight': False, 'start': '1700', 'end': '2200', 'day': 6}], 'hours_type': 'REGULAR', 'is_open_now': False}]","['pickup', 'delivery']",,
4XX-zF8h5Lvrr22_tqU6-Q,the-river-café-brooklyn-3,The River Café,https://s3-media1.fl.yelpcdn.com/bphoto/X5pxv0ydhNP7kPBDArEHsw/o.jpg,True,False,https://www.yelp.com/biz/the-river-caf%C3%A9-brooklyn-3?adjust_creative=VYGm0sk0aHdKKGyXs5PMrA&utm_campaign=yelp_api_v3&utm_medium=api_v3_business_lookup&utm_source=VYGm0sk0aHdKKGyXs5PMrA,+17185225200,(718) 522-5200,1151,"[{'alias': 'newamerican', 'title': 'American (New)'}, {'alias': 'wine_bars', 'title': 'Wine Bars'}, {'alias': 'venues', 'title': 'Venues & Event Spaces'}]",4.0,"{'address1': '1 Water St', 'address2': '', 'address3': '', 'city': 'Brooklyn', 'zip_code': '11201', 'country': 'US', 'state': 'NY', 'display_address': ['1 Water St', 'Brooklyn, NY 11201'], 'cross_streets': 'Brooklyn Brg & W Cadman Plz'}","{'latitude': 40.70318, 'longitude': -73.9946499}","['https://s3-media1.fl.yelpcdn.com/bphoto/X5pxv0ydhNP7kPBDArEHsw/o.jpg', 'https://s3-media2.fl.yelpcdn.com/bphoto/pCyQE-vUfuJdO112RnjKgA/o.jpg', 'https://s3-media4.fl.yelpcdn.com/bphoto/Rxg5eDnRtIm73UEuNa3NHA/o.jpg']",$$$$,"[{'open': [{'is_overnight': False, 'start': '1730', 'end': '2030', 'day': 2}, {'is_overnight': False, 'start': '1730', 'end': '2100', 'day': 3}, {'is_overnight': False, 'start': '1730', 'end': '2100', 'day': 4}, {'is_overnight': False, 'start': '1730', 'end': '2100', 'day': 5}, {'is_overnight': False, 'start': '1730', 'end': '2100', 'day': 6}], 'hours_type': 'REGULAR', 'is_open_now': False}]",[],,
8SehQovJOuQDLbtzLLYLyw,rh-rooftop-restaurant-new-york-new-york-2,RH Rooftop Restaurant New York,https://s3-media2.fl.yelpcdn.com/bphoto/8wFOzJweUeOnioYcsnQ5Xg/o.jpg,True,False,https://www.yelp.com/biz/rh-rooftop-restaurant-new-york-new-york-2?adjust_creative=VYGm0sk0aHdKKGyXs5PMrA&utm_campaign=yelp_api_v3&utm_medium=api_v3_business_lookup&utm_source=VYGm0sk0aHdKKGyXs5PMrA,+12122172210,(212) 217-2210,381,"[{'alias': 'tradamerican', 'title': 'American (Traditional)'}, {'alias': 'wine_bars', 'title': 'Wine Bars'}]",4.0,"{'address1': '9 9th Ave', 'address2': None, 'address3': '', 'city': 'New York', 'zip_code': '10014', 'country': 'US', 'state': 'NY', 'display_address': ['9 9th Ave', 'New York, NY 10014'], 'cross_streets': ''}","{'latitude': 40.73985, 'longitude': -74.00639}","['https://s3-media2.fl.yelpcdn.com/bphoto/8wFOzJweUeOnioYcsnQ5Xg/o.jpg', 'https://s3-media3.fl.yelpcdn.com/bphoto/q2uFQCidEoDRJWTM1ZAkZQ/o.jpg', 'https://s3-media2.fl.yelpcdn.com/bphoto/0dJa_6kuFLOPgGlGssE3Rg/o.jpg']",,"[{'open': [{'is_overnight': False, 'start': '1000', 'end': '2100', 'day': 0}, {'is_overnight': False, 'start': '1000', 'end': '2100', 'day': 1}, {'is_overnight': False, 'start': '1000', 'end': '2100', 'day': 2}, {'is_overnight': False, 'start': '1000', 'end': '2100', 'day': 3}, {'is_overnight': False, 'start': '1000', 'end': '2100', 'day': 4}, {'is_overnight': False, 'start': '1000', 'end': '2100', 'day': 5}, {'is_overnight': False, 'start': '1000', 'end': '2100', 'day': 6}], 'hours_type': 'REGULAR', 'is_open_now': False}]",[],,
YSflX6shqcP3zYno0Zz75Q,while-we-were-young-new-york,While We Were Young,https://s3-media3.fl.yelpcdn.com/bphoto/I5QdRi1JuxzSIqgYJML8dg/o.jpg,True,False,https://www.yelp.com/biz/while-we-were-young-new-york?adjust_creative=VYGm0sk0aHdKKGyXs5PMrA&utm_campaign=yelp_api_v3&utm_medium=api_v3_business_lookup&utm_source=VYGm0sk0aHdKKGyXs5PMrA,+19176756272,(917) 675-6272,364,"[{'alias': 'newamerican', 'title': 'American (New)'}, {'alias': 'cocktailbars', 'title': 'Cocktail Bars'}]",4.0,"{'address1': '183 W 10th St', 'address2': None, 'address3': '', 'city': 'New York', 'zip_code': '10014', 'country': 'US', 'state': 'NY', 'display_address': ['183 W 10th St', 'New York, NY 10014'], 'cross_streets': 'S 7th Ave & 4th St'}","{'latitude': 40.73437, 'longitude': -74.00272}","['https://s3-media3.fl.yelpcdn.com/bphoto/I5QdRi1JuxzSIqgYJML8dg/o.jpg', 'https://s3-media3.fl.yelpcdn.com/bphoto/gphJ7FjioWv9kKAToKXSSQ/o.jpg', 'https://s3-media2.fl.yelpcdn.com/bphoto/XAgG2ODUyljEqWCLYyWS5A/o.jpg']",$$,"[{'open': [{'is_overnight': False, 'start': '1600', 'end': '2300', 'day': 0}, {'is_overnight': False, 'start': '1600', 'end': '2300', 'day': 1}, {'is_overnight': False, 'start': '1600', 'end': '2300', 'day': 2}, {'is_overnight': True, 'start': '1600', 'end': '0100', 'day': 3}, {'is_overnight': True, 'start': '1200', 'end': '0100', 'day': 4}, {'is_overnight': True, 'start': '1100', 'end': '0100', 'day': 5}, {'is_overnight': False, 'start': '1100', 'end': '2300', 'day': 6}], 'hours_type': 'REGULAR', 'is_open_now': True}]",['delivery'],,
B3_K2kUVbYOU0VaLcj_LTw,thai-villa-new-york-2,Thai Villa,https://s3-media3.fl.yelpcdn.com/bphoto/XKvKGgVuj4_jhqHPVQj4_A/o.jpg,True,False,https://www.yelp.com/biz/thai-villa-new-york-2?adjust_creative=VYGm0sk0aHdKKGyXs5PMrA&utm_campaign=yelp_api_v3&utm_medium=api_v3_business_lookup&utm_source=VYGm0sk0aHdKKGyXs5PMrA,+12128029999,(212) 802-9999,3677,"[{'alias': 'thai', 'title': 'Thai'}, {'alias': 'asianfusion', 'title': 'Asian Fusion'}]",4.5,"{'address1': '5 E 19th St', 'address2': 'G Floor', 'address3': '', 'city': 'New York', 'zip_code': '10003', 'country': 'US', 'state': 'NY', 'display_address': ['5 E 19th St', 'G Floor', 'New York, NY 10003'], 'cross_streets': 'Broadway & 5th Ave'}","{'latitude': 40.73902, 'longitude': -73.99065}","['https://s3-media3.fl.yelpcdn.com/bphoto/XKvKGgVuj4_jhqHPVQj4_A/o.jpg', 'https://s3-media3.fl.yelpcdn.com/bphoto/n5jkkF0fy6g9YQNjdjW-oQ/o.jpg', 'https://s3-media1.fl.yelpcdn.com/bphoto/oELHjgVFiisZdXpn91cd5A/o.jpg']",$$,"[{'open': [{'is_overnight': False, 'start': '1130', 'end': '2215', 'day': 0}, {'is_overnight': False, 'start': '1130', 'end': '2215', 'day': 1}, {'is_overnight': False, 'start': '1130', 'end': '2215', 'day': 2}, {'is_overnight': False, 'start': '1130', 'end': '2215', 'day': 3}, {'is_overnight': False, 'start': '1130', 'end': '2230', 'day': 4}, {'is_overnight': False, 'start': '1130', 'end': '2230', 'day': 5}, {'is_overnight': False, 'start': '1130', 'end': '2215', 'day': 6}], 'hours_type': 'REGULAR', 'is_open_now': False}]","['pickup', 'delivery']",,
liZmIO0FqZwslLJfLDkfgw,wayla-new-york,Wayla,https://s3-media1.fl.yelpcdn.com/bphoto/Se9IRHfGW8z9-292HJyKsQ/o.jpg,True,False,https://www.yelp.com/biz/wayla-new-york?adjust_creative=VYGm0sk0aHdKKGyXs5PMrA&utm_campaign=yelp_api_v3&utm_medium=api_v3_business_lookup&utm_source=VYGm0sk0aHdKKGyXs5PMrA,+12122062500,(212) 206-2500,343,"[{'alias': 'thai', 'title': 'Thai'}]",4.5,"{'address1': '100 Forsyth St', 'address2': 'Basement', 'address3': None, 'city': 'New York', 'zip_code': '10002', 'country': 'US', 'state': 'NY', 'display_address': ['100 Forsyth St', 'Basement', 'New York, NY 10002'], 'cross_streets': 'Broome St & Grand St'}","{'latitude': 40.7183, 'longitude': -73.9926038}","['https://s3-media1.fl.yelpcdn.com/bphoto/Se9IRHfGW8z9-292HJyKsQ/o.jpg', 'https://s3-media1.fl.yelpcdn.com/bphoto/22f4sEYTi9v9SUqrc1cpaw/o.jpg', 'https://s3-media1.fl.yelpcdn.com/bphoto/TSK0mey5v2TX_DTOkzVllg/o.jpg']",$$,"[{'open': [{'is_overnight': False, 'start': '1700', 'end': '2200', 'day': 0}, {'is_overnight': False, 'start': '1700', 'end': '2200', 'day': 1}, {'is_overnight': False, 'start': '1700', 'end': '2200', 'day': 2}, {'is_overnight': False, 'start': '1700', 'end': '2200', 'day': 3}, {'is_overnight': False, 'start': '1700', 'end': '2200', 'day': 4}, {'is_overnight': False, 'start': '1200', 'end': '1530', 'day': 5}, {'is_overnight': False, 'start': '1700', 'end': '2200', 'day': 5}, {'is_overnight': False, 'start': '1200', 'end': '1530', 'day': 6}, {'is_overnight': False, 'start': '1700', 'end': '2200', 'day': 6}], 'hours_type': 'REGULAR', 'is_open_now': False}]",['delivery'],,
XipQLDbyTl5tsLlyzAWzug,jajaja-plantas-mexicana-new-york-2,Jajaja Plantas Mexicana,https://s3-media3.fl.yelpcdn.com/bphoto/OkWKXxOZBLJO7hRjOlIMig/o.jpg,True,False,https://www.yelp.com/biz/jajaja-plantas-mexicana-new-york-2?adjust_creative=VYGm0sk0aHdKKGyXs5PMrA&utm_campaign=yelp_api_v3&utm_medium=api_v3_business_lookup&utm_source=VYGm0sk0aHdKKGyXs5PMrA,+16468835453,(646) 883-5453,1007,"[{'alias': 'mexican', 'title': 'Mexican'}, {'alias': 'vegan', 'title': 'Vegan'}, {'alias': 'bars', 'title': 'Bars'}]",4.5,"{'address1': '162 E Broadway', 'address2': '', 'address3': None, 'city': 'New York', 'zip_code': '10002', 'country': 'US', 'state': 'NY', 'display_address': ['162 E Broadway', 'New York, NY 10002'], 'cross_streets': 'East Broadway & Pike St'}","{'latitude': 40.7141530317142, 'longitude': -73.9904247969389}","['https://s3-media3.fl.yelpcdn.com/bphoto/OkWKXxOZBLJO7hRjOlIMig/o.jpg', 'https://s3-media3.fl.yelpcdn.com/bphoto/N3j_RaNlwINF4OHFrgP8vw/o.jpg', 'https://s3-media4.fl.yelpcdn.com/bphoto/fw9bct0vQIbMPIGGaObTYA/o.jpg']",$$,"[{'open': [{'is_overnight': False, 'start': '1100', 'end': '2300', 'day': 0}, {'is_overnight': False, 'start': '1100', 'end': '2300', 'day': 1}, {'is_overnight': False, 'start': '1100', 'end': '2300', 'day': 2}, {'is_overnight': False, 'start': '1100', 'end': '2300', 'day': 3}, {'is_overnight': False, 'start': '1100', 'end': '2300', 'day': 4}, {'is_overnight': False, 'start': '1100', 'end': '2300', 'day': 5}, {'is_overnight': False, 'start': '1100', 'end': '2300', 'day': 6}], 'hours_type': 'REGULAR', 'is_open_now': False}]","['delivery', 'pickup', 'restaurant_reservation']",,
